"season","team","wins","losses","ties","playoffs","game_type","probability_to_make_playoffs","off_epa","def_epa","total_epa"
2002,"ARI",5,11,0,0,NA,"0.04",-0.0918874385595502,0.081883736921663,-0.173771175481213
2002,"ATL",9,6,1,1,"DIV","43.96",0.0333082383205756,-0.0461474309055353,0.0794556692261109
2002,"BAL",7,9,0,0,NA,"1.82",-0.0566006796631442,-0.0229339114461617,-0.0336667682169826
2002,"BUF",8,8,0,0,NA,"10.77",0.0189619411855934,0.021721562305722,-0.00275962112012859
2002,"CAR",7,9,0,0,NA,"1.82",-0.175734308341493,-0.111642392175772,-0.0640919161657213
2002,"CHI",4,12,0,0,NA,"0.01",-0.130631956799243,8.20916039099073e-05,-0.130714048403152
2002,"CIN",2,14,0,0,NA,"0.00",-0.0647654253917526,0.0808652727154006,-0.145630698107153
2002,"CLE",9,7,0,1,"WC","43.96",0.0068253756382774,0.000489329678211938,0.00633604596006546
2002,"DAL",5,11,0,0,NA,"0.04",-0.18943453263154,-0.0588448878980792,-0.13058964473346
2002,"DEN",9,7,0,0,NA,"43.96",0.0633748810636902,0.00538975277070524,0.057985128292985
2002,"DET",3,13,0,0,NA,"0.00",-0.148573039662795,0.066079176484607,-0.214652216147402
2002,"GB",12,4,0,1,"WC","99.54",0.00944716332404755,-0.0775250674537076,0.0869722307777551
2002,"HOU",4,12,0,0,NA,"0.01",-0.224294651576485,-0.0576488855056762,-0.166645766070809
2002,"IND",10,6,0,1,"WC","83.60",0.0156314535269845,-0.0211605298719756,0.0367919833989602
2002,"JAX",6,10,0,0,NA,"0.29",0.00374154995346215,0.0124144641915544,-0.00867291423809227
2002,"KC",8,8,0,0,NA,"10.77",0.159499439773669,0.0976203759700286,0.0618790638036399
2002,"MIA",9,7,0,0,NA,"43.96",0.0155324164746293,-0.0824294173079554,0.0979618337825847
2002,"MIN",6,10,0,0,NA,"0.29",0.0598598208652688,0.0784784854671075,-0.0186186646018387
2002,"NE",9,7,0,0,NA,"43.96",-0.000794306822428291,0.0130110021984583,-0.0138053090208865
2002,"NO",9,7,0,0,NA,"43.96",-0.00784659720644936,-0.00199442200654488,-0.00585217519990448
2002,"NYG",10,6,0,1,"WC","83.60",0.0066598113963651,-0.0582768790845686,0.0649366904809337
2002,"NYJ",9,7,0,1,"DIV","43.96",0.0571080630014917,0.0560648333246544,0.00104322967683731
2002,"OAK",11,5,0,1,"SB","97.07",NA,NA,NA
2002,"PHI",12,4,0,1,"CON","99.54",0.00699099837852351,-0.142083185768724,0.149074184147248
2002,"PIT",10,5,1,1,"DIV","83.60",0.0110236789901382,-0.0443206636897799,0.0553443426799181
2002,"SD",8,8,0,0,NA,"10.77",NA,NA,NA
2002,"SEA",7,9,0,0,NA,"1.82",0.034830037852766,0.050775172259498,-0.015945134406732
2002,"SF",10,6,0,1,"DIV","83.60",0.0987115150911721,0.0438775566411336,0.0548339584500385
2002,"STL",7,9,0,0,NA,"1.82",NA,NA,NA
2002,"TB",12,4,0,1,"CHMP","99.54",-0.0419459994632786,-0.206198725956371,0.164252726493092
2002,"TEN",11,5,0,1,"CON","97.07",0.0404753116569577,-0.0214798552521506,0.0619551669091083
2002,"WAS",7,9,0,0,NA,"1.82",-0.0560507615393635,-0.0576390456915023,0.00158828415213885
2003,"ARI",4,12,0,0,NA,"0.01",-0.156334289722391,0.0740543517705591,-0.23038864149295
2003,"ATL",5,11,0,0,NA,"0.04",-0.116597512213957,0.0312501089791748,-0.147847621193132
2003,"BAL",10,6,0,1,"WC","83.60",-0.0896432060013235,-0.193315597320073,0.10367239131875
2003,"BUF",6,10,0,0,NA,"0.29",-0.118424456280187,-0.0859885939129949,-0.0324358623671926
2003,"CAR",11,5,0,1,"SB","97.07",-0.0724136522067222,-0.0763153072082815,0.0039016550015593
2003,"CHI",7,9,0,0,NA,"1.82",-0.0978025696466861,-0.00957646540090362,-0.0882261042457825
2003,"CIN",8,8,0,0,NA,"10.77",0.0490141347372138,0.0773058557561393,-0.0282917210189255
2003,"CLE",5,11,0,0,NA,"0.04",-0.102842291027597,-0.0096054058868837,-0.0932368851407133
2003,"DAL",10,6,0,1,"WC","83.60",-0.0845424098578775,-0.123373218493938,0.0388308086360607
2003,"DEN",10,6,0,1,"WC","83.60",0.0457916198700609,-0.0719171178194869,0.117708737689548
2003,"DET",5,11,0,0,NA,"0.04",-0.153659723187217,-0.0125802310922564,-0.14107949209496
2003,"GB",10,6,0,1,"DIV","83.60",0.0665578413596768,-0.0762834332421843,0.142841274601861
2003,"HOU",5,11,0,0,NA,"0.04",-0.100500773644725,0.0394249443717929,-0.139925718016518
2003,"IND",12,4,0,1,"CON","99.54",0.0996466497971621,0.00182969776172793,0.0978169520354342
2003,"JAX",5,11,0,0,NA,"0.04",-0.0327197314239111,-0.0216694103672937,-0.0110503210566174
2003,"KC",13,3,0,1,"DIV","99.93",0.120930391116798,-0.0113774738396299,0.132307864956428
2003,"MIA",10,6,0,0,NA,"83.60",-0.0935869530868961,-0.117956297529602,0.0243693444427057
2003,"MIN",9,7,0,0,NA,"43.96",0.0804250384084702,-0.0111878272748045,0.0916128656832747
2003,"NE",14,2,0,1,"CHMP","99.99",-0.0426450328481174,-0.157920707067504,0.115275674219386
2003,"NO",8,8,0,0,NA,"10.77",-0.00922125812973995,-0.0207040786990421,0.0114828205693022
2003,"NYG",4,12,0,0,NA,"0.01",-0.121374056166504,0.0136873057755135,-0.135061361942017
2003,"NYJ",6,10,0,0,NA,"0.29",-0.0160299211604659,0.0229707187556324,-0.0390006399160983
2003,"OAK",4,12,0,0,NA,"0.01",NA,NA,NA
2003,"PHI",12,4,0,1,"CON","99.54",0.0457893391146846,-0.0314981343796886,0.0772874734943732
2003,"PIT",6,10,0,0,NA,"0.29",-0.0831993449342283,-0.0518274057847797,-0.0313719391494486
2003,"SD",4,12,0,0,NA,"0.01",NA,NA,NA
2003,"SEA",10,6,0,1,"WC","83.60",0.0696263912729017,-0.0109751861843259,0.0806015774572276
2003,"SF",7,9,0,0,NA,"1.82",0.0268875796869503,-0.0457499865328096,0.0726375662197599
2003,"STL",12,4,0,1,"DIV","99.54",NA,NA,NA
2003,"TB",7,9,0,0,NA,"1.82",-0.0451289378179965,-0.117057674656344,0.0719287368383476
2003,"TEN",12,4,0,1,"DIV","99.54",0.0414832170258903,-0.0842668889941511,0.125750106020041
2003,"WAS",5,11,0,0,NA,"0.04",-0.0600643718483611,0.0481784885937871,-0.108242860442148
2004,"ARI",6,10,0,0,NA,"0.29",-0.096653399634015,-0.0767880741065704,-0.0198653255274446
2004,"ATL",11,5,0,1,"CON","97.07",-0.0331967286178781,-0.0243511160083879,-0.0088456126094902
2004,"BAL",9,7,0,0,NA,"43.96",-0.111935128773321,-0.135693303236108,0.0237581744627878
2004,"BUF",9,7,0,0,NA,"43.96",-0.0737510420591501,-0.134200753451334,0.060449711392184
2004,"CAR",7,9,0,0,NA,"1.82",0.0270250031023654,-0.0117056261478507,0.0387306292502161
2004,"CHI",5,11,0,0,NA,"0.04",-0.241329698528355,-0.102208929985951,-0.139120768542404
2004,"CIN",8,8,0,0,NA,"10.77",-0.0596862657499106,-0.0485204864546711,-0.0111657792952394
2004,"CLE",4,12,0,0,NA,"0.01",-0.145643004153139,-0.00133503159764542,-0.144307972555494
2004,"DAL",6,10,0,0,NA,"0.29",-0.0490047511500122,0.0815070029667353,-0.130511754116748
2004,"DEN",10,6,0,1,"WC","83.60",0.0590024326402692,-0.071520267979593,0.130522700619862
2004,"DET",6,10,0,0,NA,"0.29",-0.0715185304934376,0.0110900266768859,-0.0826085571703235
2004,"GB",10,6,0,1,"WC","83.60",0.111930066202337,0.0831267550614952,0.0288033111408419
2004,"HOU",7,9,0,0,NA,"1.82",-0.0230773218007054,-0.00548572107259195,-0.0175916007281135
2004,"IND",12,4,0,1,"DIV","99.54",0.239953839630168,0.0361518452421176,0.20380199438805
2004,"JAX",9,7,0,0,NA,"43.96",-0.031920017622314,-0.00956141291354167,-0.0223586047087724
2004,"KC",7,9,0,0,NA,"1.82",0.17390105400464,0.131836353247554,0.0420647007570864
2004,"MIA",4,12,0,0,NA,"0.01",-0.173322570035845,-0.0538561289663032,-0.119466441069542
2004,"MIN",8,8,0,1,"DIV","10.77",0.164416722257236,0.107173073656955,0.0572436486002802
2004,"NE",14,2,0,1,"CHMP","99.99",0.100226948086807,-0.0889291216061105,0.189156069692917
2004,"NO",8,8,0,0,NA,"10.77",-0.0287035089782136,0.0630511563971288,-0.0917546653753424
2004,"NYG",6,10,0,0,NA,"0.29",-0.029290120853074,0.0068523217032529,-0.0361424425563269
2004,"NYJ",10,6,0,1,"DIV","83.60",0.0361872044929588,-0.0467284052078113,0.0829156097007701
2004,"OAK",5,11,0,0,NA,"0.04",NA,NA,NA
2004,"PHI",13,3,0,1,"SB","99.93",0.0701135589958423,-0.0274470040028847,0.0975605629987271
2004,"PIT",15,1,0,1,"CON","100.00",0.0433080107875665,-0.132115767377995,0.175423778165562
2004,"SD",12,4,0,1,"WC","99.54",NA,NA,NA
2004,"SEA",9,7,0,1,"WC","43.96",0.0361378323232404,0.00195756014095162,0.0341802721822888
2004,"SF",2,14,0,0,NA,"0.00",-0.154131556173011,0.0666448219971634,-0.220776378170174
2004,"STL",8,8,0,1,"DIV","10.77",NA,NA,NA
2004,"TB",5,11,0,0,NA,"0.04",-0.0743402460831429,-0.0880691596867713,0.0137289136036284
2004,"TEN",5,11,0,0,NA,"0.04",-0.0121326502212531,0.0755930682660777,-0.0877257184873308
2004,"WAS",6,10,0,0,NA,"0.29",-0.119437812268462,-0.101591705610447,-0.0178461066580149
2005,"ARI",5,11,0,0,NA,"0.04",-0.0727928017659835,-0.0491626387143071,-0.0236301630516765
2005,"ATL",8,8,0,0,NA,"10.77",-0.0163351884235282,-0.0220443444640708,0.00570915604054259
2005,"BAL",6,10,0,0,NA,"0.29",-0.108765648292634,-0.0871709890082024,-0.0215946592844319
2005,"BUF",5,11,0,0,NA,"0.04",-0.0825968024908489,0.0679662456979565,-0.150563048188805
2005,"CAR",11,5,0,1,"CON","97.07",0.010129499538381,-0.116050138579534,0.126179638117915
2005,"CHI",11,5,0,1,"DIV","97.07",-0.137846067168714,-0.16661226514335,0.0287661979746361
2005,"CIN",11,5,0,1,"WC","97.07",0.102658711832046,0.0125339623037402,0.0901247495283061
2005,"CLE",6,10,0,0,NA,"0.29",-0.13230938177372,-0.00404189262861647,-0.128267489145104
2005,"DAL",9,7,0,0,NA,"43.96",-0.0225003651328201,-0.0497571541229508,0.0272567889901307
2005,"DEN",13,3,0,1,"CON","99.93",0.0893293273600607,-0.0518164304224652,0.141145757782526
2005,"DET",5,11,0,0,NA,"0.04",-0.101496006376788,-0.0192849985794702,-0.0822110077973179
2005,"GB",4,12,0,0,NA,"0.01",-0.05772475171628,-0.0516772157790432,-0.00604753593723686
2005,"HOU",2,14,0,0,NA,"0.00",-0.0986747630256927,0.117917877790086,-0.216592640815779
2005,"IND",14,2,0,1,"DIV","99.99",0.186968236396098,-0.0595601779418516,0.24652841433795
2005,"JAX",12,4,0,1,"WC","99.54",0.026976699352643,-0.0664212462666466,0.0933979456192896
2005,"KC",10,6,0,0,NA,"83.60",0.0961097583783313,0.00362450018608875,0.0924852581922425
2005,"MIA",9,7,0,0,NA,"43.96",-0.0409346140776595,-0.0301080126946928,-0.0108266013829667
2005,"MIN",9,7,0,0,NA,"43.96",-0.0735113365231279,-0.0288236169806808,-0.0446877195424471
2005,"NE",10,6,0,1,"DIV","83.60",0.0739932713727167,0.0326047603860987,0.041388510986618
2005,"NO",3,13,0,0,NA,"0.00",-0.0967281857190005,0.0324510015069937,-0.129179187225994
2005,"NYG",11,5,0,1,"WC","97.07",0.042417180001526,-0.0478120071331846,0.0902291871347106
2005,"NYJ",4,12,0,0,NA,"0.01",-0.124317735141401,0.000960413466396116,-0.125278148607797
2005,"OAK",4,12,0,0,NA,"0.01",NA,NA,NA
2005,"PHI",6,10,0,0,NA,"0.29",-0.104031163321809,-0.0285792489583302,-0.0754519143634789
2005,"PIT",11,5,0,1,"CHMP","97.07",0.0567166715260909,-0.0849214603942095,0.1416381319203
2005,"SD",9,7,0,0,NA,"43.96",NA,NA,NA
2005,"SEA",13,3,0,1,"SB","99.93",0.155715889150393,-0.0449534459772624,0.200669335127655
2005,"SF",4,12,0,0,NA,"0.01",-0.203626442797606,0.0755063748670917,-0.279132817664698
2005,"STL",6,10,0,0,NA,"0.29",NA,NA,NA
2005,"TB",11,5,0,1,"WC","97.07",-0.0648534831458856,-0.0960651404646827,0.0312116573187971
2005,"TEN",4,12,0,0,NA,"0.01",-0.114095624027625,0.0471649766258602,-0.161260600653485
2005,"WAS",10,6,0,1,"DIV","83.60",0.0136472356694988,-0.0563259449527701,0.0699731806222689
2006,"ARI",5,11,0,0,NA,"0.04",-0.0462935978387308,-0.0415690707502422,-0.00472452708848856
2006,"ATL",7,9,0,0,NA,"1.82",-0.0514146710217698,-0.00745874033862185,-0.0439559306831479
2006,"BAL",13,3,0,1,"DIV","99.93",-0.0147983113664401,-0.217238278087689,0.202439966721249
2006,"BUF",7,9,0,0,NA,"1.82",-0.0884924967023298,-0.041172625926308,-0.0473198707760218
2006,"CAR",8,8,0,0,NA,"10.77",-0.0701539896368669,-0.0573655052622834,-0.0127884843745835
2006,"CHI",13,3,0,1,"SB","99.93",-0.046246160237881,-0.174593755730532,0.128347595492651
2006,"CIN",8,8,0,0,NA,"10.77",0.0445445821870895,0.0217757534923669,0.0227688286947226
2006,"CLE",4,12,0,0,NA,"0.01",-0.197208717513478,0.00311265384452587,-0.200321371358003
2006,"DAL",9,7,0,1,"WC","43.96",0.0733974514666576,-0.00909936422367618,0.0824968156903338
2006,"DEN",9,7,0,0,NA,"43.96",-0.0451034893081973,-0.0641704652768118,0.0190669759686145
2006,"DET",3,13,0,0,NA,"0.00",-0.112426260366414,0.0252936215019897,-0.137719881868404
2006,"GB",8,8,0,0,NA,"10.77",-0.0672507990094214,-0.0657763601257556,-0.00147443888366586
2006,"HOU",6,10,0,0,NA,"0.29",-0.0606137004279706,0.0220260883498147,-0.0826397887777852
2006,"IND",12,4,0,1,"CHMP","99.54",0.153183032592688,0.0690614223718011,0.0841216102208868
2006,"JAX",8,8,0,0,NA,"10.77",0.0101288354318492,-0.0947967553410792,0.104925590772928
2006,"KC",9,7,0,1,"WC","43.96",-0.00788526563896368,-0.0135031371919974,0.00561787155303374
2006,"MIA",6,10,0,0,NA,"0.29",-0.102328578683159,-0.0893756400122588,-0.0129529386709006
2006,"MIN",6,10,0,0,NA,"0.29",-0.154244269116824,-0.124578684596745,-0.0296655845200787
2006,"NE",12,4,0,1,"CON","99.54",0.0649557770562865,-0.0964715865905449,0.161427363646831
2006,"NO",10,6,0,1,"CON","83.60",0.0742049392201264,-0.0306347064662658,0.104839645686392
2006,"NYG",8,8,0,1,"WC","10.77",-0.0190755191158308,-0.031203731157547,0.0121282120417161
2006,"NYJ",10,6,0,1,"WC","83.60",-0.0191715005361241,-0.0178294581108227,-0.00134204242530135
2006,"OAK",2,14,0,0,NA,"0.00",NA,NA,NA
2006,"PHI",10,6,0,1,"DIV","83.60",0.0552069097410669,-0.0679164333215562,0.123123343062623
2006,"PIT",8,8,0,0,NA,"10.77",0.00384424567633135,-0.0804355129085366,0.084279758584868
2006,"SD",14,2,0,1,"DIV","99.99",NA,NA,NA
2006,"SEA",9,7,0,1,"DIV","43.96",-0.0739406784434982,-0.0336118924180594,-0.0403287860254389
2006,"SF",7,9,0,0,NA,"1.82",-0.0913100037277194,0.0467554719411996,-0.138065475668919
2006,"STL",8,8,0,0,NA,"10.77",NA,NA,NA
2006,"TB",4,12,0,0,NA,"0.01",-0.186027980356181,0.0061419152808219,-0.192169895637003
2006,"TEN",8,8,0,0,NA,"10.77",-0.0820401224989237,0.0493457406028699,-0.131385863101794
2006,"WAS",5,11,0,0,NA,"0.04",-0.00436546582872992,0.109258088079882,-0.113623553908612
2007,"ARI",8,8,0,0,NA,"10.77",-0.0373685470442697,-0.0570253566537244,0.0196568096094547
2007,"ATL",4,12,0,0,NA,"0.01",-0.14909805061538,0.020907546672499,-0.170005597287879
2007,"BAL",5,11,0,0,NA,"0.04",-0.109296267995566,-0.0230677756250902,-0.0862284923704757
2007,"BUF",7,9,0,0,NA,"1.82",-0.124099758895996,0.0233419555052126,-0.147441714401208
2007,"CAR",7,9,0,0,NA,"1.82",-0.0884398812620848,-0.0322498470596997,-0.0561900342023851
2007,"CHI",7,9,0,0,NA,"1.82",-0.126970986750088,-0.0513740579102217,-0.0755969288398662
2007,"CIN",7,9,0,0,NA,"1.82",0.0230051476713141,0.00593834542641484,0.0170668022448993
2007,"CLE",10,6,0,0,NA,"83.60",-0.0117532846961309,0.00800609134054198,-0.0197593760366729
2007,"DAL",13,3,0,1,"DIV","99.93",0.107844373712359,-0.0403297062514047,0.148174079963764
2007,"DEN",7,9,0,0,NA,"1.82",-0.00224504657948687,0.0544053276259776,-0.0566503742054645
2007,"DET",7,9,0,0,NA,"1.82",-0.0661841896401228,0.0255298325593225,-0.0917140221994453
2007,"GB",13,3,0,1,"CON","99.93",0.0747686560987419,-0.0499620615406245,0.124730717639366
2007,"HOU",8,8,0,0,NA,"10.77",-0.0113289792151642,0.0401054225533097,-0.0514344017684739
2007,"IND",13,3,0,1,"DIV","99.93",0.139796413546587,-0.0867163520550964,0.226512765601683
2007,"JAX",11,5,0,1,"DIV","97.07",0.10881959334317,-0.0372541571109499,0.14607375045412
2007,"KC",4,12,0,0,NA,"0.01",-0.132824655269966,-0.0493388945303458,-0.0834857607396206
2007,"MIA",1,15,0,0,NA,"0.00",-0.0762465194994035,0.0818366182285318,-0.158083137727935
2007,"MIN",8,8,0,0,NA,"10.77",-0.0295041253317001,-0.0926668146081023,0.0631626892764022
2007,"NE",16,0,0,1,"SB","100.00",0.257074412705273,-0.0795353773862661,0.336609790091539
2007,"NO",7,9,0,0,NA,"1.82",0.0138772027874061,0.00581348736555779,0.0080637154218483
2007,"NYG",10,6,0,1,"CHMP","83.60",-0.0390759481689963,-0.0632051494765146,0.0241292013075183
2007,"NYJ",4,12,0,0,NA,"0.01",-0.0745915007364319,0.0497195731151448,-0.124311073851577
2007,"OAK",4,12,0,0,NA,"0.01",NA,NA,NA
2007,"PHI",8,8,0,0,NA,"10.77",0.0385128531345178,-0.0311030096453309,0.0696158627798487
2007,"PIT",10,6,0,1,"WC","83.60",0.0574441415263895,-0.0897006360615438,0.147144777587933
2007,"SD",11,5,0,1,"CON","97.07",NA,NA,NA
2007,"SEA",10,6,0,1,"DIV","83.60",0.00578899155083153,-0.120589077036804,0.126378068587635
2007,"SF",5,11,0,0,NA,"0.04",-0.254702118931512,-0.00533369652427212,-0.249368422407239
2007,"STL",3,13,0,0,NA,"0.00",NA,NA,NA
2007,"TB",9,7,0,1,"WC","43.96",-0.00665060578265775,-0.0975821114032049,0.0909315056205471
2007,"TEN",10,6,0,1,"WC","83.60",-0.0668389989767031,-0.0771966406272494,0.0103576416505463
2007,"WAS",9,7,0,1,"WC","43.96",-0.0408273528172747,-0.0468699840715529,0.00604263125427818
2008,"ARI",9,7,0,1,"SB","43.96",0.0490529609969298,0.0273308592720297,0.0217221017249001
2008,"ATL",11,5,0,1,"WC","97.07",0.0668564326004768,0.0135417112477232,0.0533147213527536
2008,"BAL",11,5,0,1,"CON","97.07",-0.0168940577409245,-0.217171205359705,0.20027714761878
2008,"BUF",7,9,0,0,NA,"1.82",-0.048272838631792,-0.00644278755101163,-0.0418300510807804
2008,"CAR",12,4,0,1,"DIV","99.54",0.0666206071434636,-0.0330829356721072,0.0997035428155708
2008,"CHI",9,7,0,0,NA,"43.96",-0.0935006400857558,-0.0593786276953472,-0.0341220123904086
2008,"CIN",4,11,1,0,NA,"0.01",-0.173961498235659,-0.00211844013582102,-0.171843058099838
2008,"CLE",4,12,0,0,NA,"0.01",-0.14982025561127,0.033285585636074,-0.183105841247344
2008,"DAL",9,7,0,0,NA,"43.96",-0.0192057680764055,-0.0324173036914615,0.013211535615056
2008,"DEN",8,8,0,0,NA,"10.77",0.103175408873339,0.146415817082983,-0.0432404082096436
2008,"DET",0,16,0,0,NA,"0.00",-0.160488230515307,0.176206498582261,-0.336694729097568
2008,"GB",6,10,0,0,NA,"0.29",0.0527144609838928,-0.0226150621232377,0.0753295231071305
2008,"HOU",8,8,0,0,NA,"10.77",0.036415345366222,0.055727281192048,-0.0193119358258259
2008,"IND",12,4,0,1,"WC","99.54",0.115935910085863,-0.0118331679327142,0.127769078018577
2008,"JAX",5,11,0,0,NA,"0.04",-0.00655688159094994,0.0676351230153976,-0.0741920046063476
2008,"KC",2,14,0,0,NA,"0.00",-0.0529047151210197,0.0760063636486787,-0.128911078769698
2008,"MIA",11,5,0,1,"WC","97.07",0.0865813392723205,0.00894803150348064,0.0776333077688399
2008,"MIN",10,6,0,1,"WC","83.60",-0.0349836986184803,-0.10911768359716,0.0741339849786801
2008,"NE",11,5,0,0,NA,"97.07",0.104121684138234,0.0117880685117958,0.0923336156264382
2008,"NO",8,8,0,0,NA,"10.77",0.116571993171514,0.041704217767078,0.0748677754044356
2008,"NYG",12,4,0,1,"DIV","99.54",0.0924200321753988,-0.0543233241379855,0.146743356313384
2008,"NYJ",9,7,0,0,NA,"43.96",0.0360596006353892,-0.0238718984882218,0.059931499123611
2008,"OAK",5,11,0,0,NA,"0.04",NA,NA,NA
2008,"PHI",9,6,1,1,"CON","43.96",0.00447416784878229,-0.158400601663015,0.162874769511798
2008,"PIT",12,4,0,1,"CHMP","99.54",-0.0320893815807745,-0.188699046548538,0.156609664967764
2008,"SD",8,8,0,1,"DIV","10.77",NA,NA,NA
2008,"SEA",4,12,0,0,NA,"0.01",-0.0585758726647444,0.0691906803041315,-0.127766552968876
2008,"SF",7,9,0,0,NA,"1.82",-0.0556778539151719,0.025963879783036,-0.081641733698208
2008,"STL",2,14,0,0,NA,"0.00",NA,NA,NA
2008,"TB",9,7,0,0,NA,"43.96",-0.0330563985406847,-0.0821358925013062,0.0490794939606215
2008,"TEN",13,3,0,1,"DIV","99.93",-0.00198684152638738,-0.11662042739417,0.114633585867783
2008,"WAS",8,8,0,0,NA,"10.77",-0.0336042729749338,-0.0280126985205995,-0.00559157445433432
2009,"ARI",10,6,0,1,"DIV","83.60",-0.0255635772524655,-0.0446800480644727,0.0191164708120071
2009,"ATL",9,7,0,0,NA,"43.96",0.0398021304188678,0.0105335311144914,0.0292685993043764
2009,"BAL",9,7,0,1,"DIV","43.96",0.0579263642527456,-0.0862278865357741,0.14415425078852
2009,"BUF",6,10,0,0,NA,"0.29",-0.126661802479291,-0.0406124999757942,-0.0860493025034971
2009,"CAR",8,8,0,0,NA,"10.77",-0.0562855162748057,-0.078081011919986,0.0217954956451802
2009,"CHI",7,9,0,0,NA,"1.82",-0.0851398094316653,0.00464056490578112,-0.0897803743374464
2009,"CIN",10,6,0,1,"WC","83.60",-0.0184518681546898,-0.0609638596768295,0.0425119915221397
2009,"CLE",5,11,0,0,NA,"0.04",-0.169757935716906,0.0717002640348259,-0.241458199751732
2009,"DAL",11,5,0,1,"DIV","97.07",0.0902842166274687,-0.0367864021789051,0.127070618806374
2009,"DEN",8,8,0,0,NA,"10.77",-0.0281319232060336,-0.065832460369102,0.0377005371630684
2009,"DET",2,14,0,0,NA,"0.00",-0.169313765923823,0.0795319169937031,-0.248845682917526
2009,"GB",11,5,0,1,"WC","97.07",0.124263900293037,-0.145869222422516,0.270133122715554
2009,"HOU",9,7,0,0,NA,"43.96",0.0426798331430992,-0.0304110417588194,0.0730908749019186
2009,"IND",14,2,0,1,"SB","99.99",0.12519685908552,-0.0359028098661364,0.161099668951657
2009,"JAX",7,9,0,0,NA,"1.82",0.00793326599565363,0.0898254468896802,-0.0818921808940266
2009,"KC",4,12,0,0,NA,"0.01",-0.12279391398242,0.0213408874540087,-0.144134801436429
2009,"MIA",7,9,0,0,NA,"1.82",0.00196678379371303,0.0469055605668517,-0.0449387767731386
2009,"MIN",12,4,0,1,"CON","99.54",0.0840600699510158,-0.0745323675279942,0.15859243747901
2009,"NE",10,6,0,1,"WC","83.60",0.116816515503651,-0.0318376041791543,0.148654119682805
2009,"NO",13,3,0,1,"CHMP","99.93",0.117068492837986,-0.0492957998996545,0.166364292737641
2009,"NYG",8,8,0,0,NA,"10.77",0.0610587435731411,0.0690104762147294,-0.00795173264158838
2009,"NYJ",9,7,0,1,"CON","43.96",-0.0599063817853538,-0.171586882416819,0.111680500631465
2009,"OAK",5,11,0,0,NA,"0.04",NA,NA,NA
2009,"PHI",11,5,0,1,"WC","97.07",0.0475866624788413,-0.0756926987642115,0.123279361243053
2009,"PIT",9,7,0,0,NA,"43.96",0.0426178453143656,-0.026262564276331,0.0688804095906967
2009,"SD",13,3,0,1,"DIV","99.93",NA,NA,NA
2009,"SEA",5,11,0,0,NA,"0.04",-0.10815680680206,0.0320708624972958,-0.140227669299356
2009,"SF",8,8,0,0,NA,"10.77",-0.0671523501923685,-0.125294584868704,0.0581422346763356
2009,"STL",1,15,0,0,NA,"0.00",NA,NA,NA
2009,"TB",3,13,0,0,NA,"0.00",-0.155514617862591,0.0427537842720477,-0.198268402134639
2009,"TEN",8,8,0,0,NA,"10.77",0.0100347945579714,0.0586111889667021,-0.0485763944087307
2009,"WAS",4,12,0,0,NA,"0.01",-0.0477201939582073,-0.00756916915003322,-0.040151024808174
2010,"ARI",5,11,0,0,NA,"0.04",-0.219207302759591,-0.0155319386146789,-0.203675364144912
2010,"ATL",13,3,0,1,"DIV","99.93",0.0665634693211136,-0.047320643655141,0.113884112976255
2010,"BAL",12,4,0,1,"DIV","99.54",0.0302425126926546,-0.0480631836804487,0.0783056963731033
2010,"BUF",4,12,0,0,NA,"0.01",-0.107284352626601,0.0615071661949484,-0.168791518821549
2010,"CAR",2,14,0,0,NA,"0.00",-0.248817621907332,-0.0223345587964944,-0.226483063110837
2010,"CHI",11,5,0,1,"CON","97.07",-0.0927544839346868,-0.106384764596515,0.0136302806618282
2010,"CIN",4,12,0,0,NA,"0.01",-0.0396975286231921,0.0232891391688496,-0.0629866677920417
2010,"CLE",5,11,0,0,NA,"0.04",-0.0787055737299509,0.0201459587887584,-0.0988515325187093
2010,"DAL",6,10,0,0,NA,"0.29",-0.00027745296461651,0.0240672309830311,-0.0243446839476476
2010,"DEN",4,12,0,0,NA,"0.01",-0.0171957666175343,0.12044667854808,-0.137642445165614
2010,"DET",6,10,0,0,NA,"0.29",-0.0438646352587733,-0.0295139562948436,-0.0143506789639297
2010,"GB",10,6,0,1,"CHMP","83.60",0.0757019922229988,-0.111725762620794,0.187427754843793
2010,"HOU",6,10,0,0,NA,"0.29",0.107623133466754,0.141998686841095,-0.0343755533743413
2010,"IND",10,6,0,1,"WC","83.60",0.0947854586853912,0.0123038585575854,0.0824816001278058
2010,"JAX",8,8,0,0,NA,"10.77",0.0180586341776042,0.120802447561581,-0.102743813383977
2010,"KC",10,6,0,1,"WC","83.60",0.0306637500772068,-0.0267695048694398,0.0574332549466466
2010,"MIA",7,9,0,0,NA,"1.82",-0.0686504853429416,-0.0267944362881866,-0.041856049054755
2010,"MIN",6,10,0,0,NA,"0.29",-0.110840785727453,-0.0541061710933245,-0.0567346146341282
2010,"NE",14,2,0,1,"DIV","99.99",0.190750589868973,-0.0108333863772677,0.20158397624624
2010,"NO",11,5,0,1,"WC","97.07",0.039127542804401,-0.0441490158736033,0.0832765586780044
2010,"NYG",10,6,0,0,NA,"83.60",-0.00517175503194846,-0.101893241669768,0.0967214866378195
2010,"NYJ",11,5,0,1,"CON","97.07",-0.0179646615358785,-0.0702161649106467,0.0522515033747682
2010,"OAK",8,8,0,0,NA,"10.77",NA,NA,NA
2010,"PHI",10,6,0,1,"WC","83.60",0.0768426866920742,0.00122926621395485,0.0756134204781193
2010,"PIT",12,4,0,1,"SB","99.54",0.0354277228109274,-0.12190521035279,0.157332933163718
2010,"SD",9,7,0,0,NA,"43.96",NA,NA,NA
2010,"SEA",7,9,0,1,"DIV","1.82",-0.110746640613341,0.038524174486902,-0.149270815100244
2010,"SF",6,10,0,0,NA,"0.29",-0.0547023291135568,-0.0418010292537583,-0.0129012998597985
2010,"STL",7,9,0,0,NA,"1.82",NA,NA,NA
2010,"TB",10,6,0,0,NA,"83.60",0.0409788220618451,-0.00631181325748237,0.0472906353193274
2010,"TEN",6,10,0,0,NA,"0.29",-0.0171986168410977,0.000754065030189709,-0.0179526818712874
2010,"WAS",6,10,0,0,NA,"0.29",-0.0800640856811933,0.020426457126717,-0.10049054280791
2011,"ARI",8,8,0,0,NA,"10.77",-0.0786391201924189,-0.00951365629595346,-0.0691254638964654
2011,"ATL",10,6,0,1,"WC","83.60",0.0450807249606032,-0.0355015204811356,0.0805822454417389
2011,"BAL",12,4,0,1,"CON","99.54",0.0423598917854906,-0.127261114007157,0.169621005792648
2011,"BUF",6,10,0,0,NA,"0.29",0.000361458505661533,0.0569965014734903,-0.0566350429678287
2011,"CAR",6,10,0,0,NA,"0.29",0.103190441821397,0.10933106230058,-0.00614062047918308
2011,"CHI",8,8,0,0,NA,"10.77",-0.108898355152049,-0.0743001128928533,-0.0345982422591957
2011,"CIN",9,7,0,1,"WC","43.96",-0.0305958424475868,-0.0489956087507724,0.0183997663031856
2011,"CLE",4,12,0,0,NA,"0.01",-0.0878317175196375,0.00822886706316191,-0.0960605845827994
2011,"DAL",8,8,0,0,NA,"10.77",0.0467990417367504,0.0033570436542942,0.0434419980824562
2011,"DEN",8,8,0,1,"DIV","10.77",-0.0883167081603236,0.00524400967360603,-0.0935607178339296
2011,"DET",10,6,0,1,"WC","83.60",0.0549162373923928,-0.0636767605774294,0.118592997969822
2011,"GB",15,1,0,1,"DIV","100.00",0.239459792317467,0.0225906258569162,0.216869166460551
2011,"HOU",10,6,0,1,"DIV","83.60",0.0236905439563099,-0.108466681767144,0.132157225723454
2011,"IND",2,14,0,0,NA,"0.00",-0.13018197670572,0.0511680202350812,-0.181349996940802
2011,"JAX",5,11,0,0,NA,"0.04",-0.174432186995868,-0.0658383340027088,-0.108593852993159
2011,"KC",7,9,0,0,NA,"1.82",-0.0945175225210093,-0.0136354684601628,-0.0808820540608465
2011,"MIA",6,10,0,0,NA,"0.29",-0.0337863223589752,-0.019980878601274,-0.0138054437577012
2011,"MIN",3,13,0,0,NA,"0.00",-0.0521768704046529,0.0418385846965185,-0.0940154551011714
2011,"NE",13,3,0,1,"SB","99.93",0.198339596229709,0.0627122380151312,0.135627358214578
2011,"NO",13,3,0,1,"DIV","99.93",0.199486265771435,0.00936635547466085,0.190119910296774
2011,"NYG",9,7,0,1,"CHMP","43.96",0.0534240332046634,0.057336632660774,-0.00391259945611063
2011,"NYJ",8,8,0,0,NA,"10.77",-0.0722411801757537,-0.0862766862717786,0.0140355060960249
2011,"OAK",8,8,0,0,NA,"10.77",NA,NA,NA
2011,"PHI",8,8,0,0,NA,"10.77",0.051904209725798,-0.0420461921219538,0.0939504018477518
2011,"PIT",12,4,0,1,"WC","99.54",0.0545942215097476,-0.0691164101233945,0.123710631633142
2011,"SD",8,8,0,0,NA,"10.77",NA,NA,NA
2011,"SEA",7,9,0,0,NA,"1.82",-0.072428527474872,-0.0607847264816683,-0.0116438009932037
2011,"SF",13,3,0,1,"CON","99.93",-0.00954902067515655,-0.120306894100066,0.11075787342491
2011,"STL",2,14,0,0,NA,"0.00",NA,NA,NA
2011,"TB",4,12,0,0,NA,"0.01",-0.114682375425153,0.127034614416876,-0.241716989842029
2011,"TEN",9,7,0,0,NA,"43.96",-0.0399546766703478,-0.0127616602611022,-0.0271930164092456
2011,"WAS",5,11,0,0,NA,"0.04",-0.0577403707834502,0.0243419707216338,-0.082082341505084
2012,"ARI",5,11,0,0,NA,"0.04",-0.257686080156707,-0.0945468240288085,-0.163139256127899
2012,"ATL",13,3,0,1,"CON","99.93",0.0886513886700969,-0.0397071598853454,0.128358548555442
2012,"BAL",10,6,0,1,"CHMP","83.60",0.0262276819814629,-0.00761246525350821,0.0338401472349711
2012,"BUF",6,10,0,0,NA,"0.29",-0.00693926211908658,0.0755072474542543,-0.0824465095733409
2012,"CAR",7,9,0,0,NA,"1.82",0.0822436208803776,0.0143206132944534,0.0679230075859241
2012,"CHI",10,6,0,0,NA,"83.60",-0.0406684380052051,-0.140328057172528,0.0996596191673232
2012,"CIN",10,6,0,1,"WC","83.60",-0.00194059559809508,-0.0564289752100427,0.0544883796119476
2012,"CLE",5,11,0,0,NA,"0.04",-0.0686800640304191,0.0227776094354053,-0.0914576734658244
2012,"DAL",8,8,0,0,NA,"10.77",0.0453442104533541,0.0754359211232865,-0.0300917106699324
2012,"DEN",13,3,0,1,"DIV","99.93",0.112583699046984,-0.0926213231959029,0.205205022242887
2012,"DET",4,12,0,0,NA,"0.01",-0.00329098554478968,0.0458375478962827,-0.0491285334410723
2012,"GB",11,5,0,1,"DIV","97.07",0.1006108812038,0.002614413167566,0.0979964680362337
2012,"HOU",12,4,0,1,"DIV","99.54",0.0688612578005394,-0.0793256071999846,0.148186865000524
2012,"IND",11,5,0,1,"WC","97.07",0.0334368560969033,0.076571530167049,-0.0431346740701457
2012,"JAX",2,14,0,0,NA,"0.00",-0.117382068006065,0.0979445001005857,-0.215326568106651
2012,"KC",2,14,0,0,NA,"0.00",-0.132349587382344,0.108229309285749,-0.240578896668093
2012,"MIA",7,9,0,0,NA,"1.82",-0.0468033501870111,0.0207078919359591,-0.0675112421229702
2012,"MIN",10,6,0,1,"WC","83.60",0.0126371878818959,0.017252710782246,-0.00461552290035008
2012,"NE",12,4,0,1,"CON","99.54",0.17499481105944,-0.0125567019874952,0.187551513046936
2012,"NO",7,9,0,0,NA,"1.82",0.0943429718901616,0.0946321926287619,-0.000289220738600368
2012,"NYG",9,7,0,0,NA,"43.96",0.0873469099418656,0.0261610154540952,0.0611858944877704
2012,"NYJ",6,10,0,0,NA,"0.29",-0.102558570317841,-0.00738228666128076,-0.0951762836565602
2012,"OAK",4,12,0,0,NA,"0.01",NA,NA,NA
2012,"PHI",4,12,0,0,NA,"0.01",-0.075379936538757,0.0862204376199437,-0.161600374158701
2012,"PIT",8,8,0,0,NA,"10.77",-0.00697510166465527,-0.0377929775666629,0.0308178759020076
2012,"SD",7,9,0,0,NA,"1.82",NA,NA,NA
2012,"SEA",11,5,0,1,"DIV","97.07",0.108901892326089,-0.0538588570038324,0.162760749329922
2012,"SF",11,4,1,1,"SB","97.07",0.105317327824224,-0.0730911911551852,0.178408518979409
2012,"STL",7,8,1,0,NA,"1.82",NA,NA,NA
2012,"TB",7,9,0,0,NA,"1.82",0.0160358202472165,0.027422052336583,-0.0113862320893665
2012,"TEN",6,10,0,0,NA,"0.29",-0.0927059755228064,0.0483599891729157,-0.141065964695722
2012,"WAS",10,6,0,1,"WC","83.60",0.137440443867086,0.0436783121439779,0.0937621317231082
2013,"ARI",10,6,0,0,NA,"83.60",-0.0209318296611802,-0.0862078778423003,0.0652760481811201
2013,"ATL",4,12,0,0,NA,"0.01",0.00677389760720337,0.0941955459167015,-0.0874216483094982
2013,"BAL",8,8,0,0,NA,"10.77",-0.0947665464297178,-0.030589540285567,-0.0641770061441508
2013,"BUF",6,10,0,0,NA,"0.29",-0.0719345464339004,-0.0728300614620823,0.000895515028181873
2013,"CAR",12,4,0,1,"DIV","99.54",0.0508545248554798,-0.0934135444497169,0.144268069305197
2013,"CHI",8,8,0,0,NA,"10.77",0.0807275661553749,0.0846606763633466,-0.00393311020797163
2013,"CIN",11,5,0,1,"WC","97.07",0.0297219111067307,-0.0990588379767055,0.128780749083436
2013,"CLE",4,12,0,0,NA,"0.01",-0.0745542786022733,0.0102985065404873,-0.0848527851427606
2013,"DAL",8,8,0,0,NA,"10.77",0.0598360814989357,0.0720817820606496,-0.0122457005617139
2013,"DEN",13,3,0,1,"SB","99.93",0.203748868967575,-0.00583229123627866,0.209581160203854
2013,"DET",7,9,0,0,NA,"1.82",-0.00478031074418857,-0.0116501555233895,0.00686984477920091
2013,"GB",8,7,1,1,"WC","10.77",0.0685670437091754,0.0751178571199897,-0.00655081341081434
2013,"HOU",2,14,0,0,NA,"0.00",-0.108588380542471,0.0411920885253848,-0.149780469067856
2013,"IND",11,5,0,1,"DIV","97.07",0.04961617575603,0.0164809416520018,0.0331352341040282
2013,"JAX",4,12,0,0,NA,"0.01",-0.158594931125478,0.0830705451206157,-0.241665476246093
2013,"KC",11,5,0,1,"WC","97.07",0.0229906690930364,-0.0504649655288067,0.0734556346218432
2013,"MIA",8,8,0,0,NA,"10.77",-0.040889594127298,0.00191995156877978,-0.0428095456960778
2013,"MIN",5,10,1,0,NA,"0.04",-0.0180331283287684,0.0794066678479662,-0.0974397961767346
2013,"NE",12,4,0,1,"CON","99.54",0.0623415455279957,0.000333817769294924,0.0620077277587008
2013,"NO",11,5,0,1,"DIV","97.07",0.113613820457496,-0.0321412131187876,0.145755033576284
2013,"NYG",7,9,0,0,NA,"1.82",-0.140747603516923,-0.0627740634889509,-0.0779735400279722
2013,"NYJ",8,8,0,0,NA,"10.77",-0.1035386569079,0.00526660944331263,-0.108805266351213
2013,"OAK",4,12,0,0,NA,"0.01",NA,NA,NA
2013,"PHI",10,6,0,1,"WC","83.60",0.0979445096846752,0.0040120198356458,0.0939324898490294
2013,"PIT",8,8,0,0,NA,"10.77",-0.00133029584855836,-0.00235077310256844,0.00102047725401009
2013,"SD",9,7,0,1,"DIV","43.96",NA,NA,NA
2013,"SEA",13,3,0,1,"CHMP","99.93",0.0575428800350677,-0.150688872194252,0.20823175222932
2013,"SF",12,4,0,1,"CON","99.54",0.0340372104784737,-0.0780228522404157,0.112060062718889
2013,"STL",7,9,0,0,NA,"1.82",NA,NA,NA
2013,"TB",4,12,0,0,NA,"0.01",-0.0880939060016876,0.0197454040268184,-0.107839310028506
2013,"TEN",7,9,0,0,NA,"1.82",0.0198701463783444,0.0165445552714976,0.00332559110684676
2013,"WAS",3,13,0,0,NA,"0.00",-0.0567022661123339,0.0359671722177523,-0.0926694383300862
2014,"ARI",11,5,0,1,"WC","97.07",-0.0245496889670299,-0.0501178944765044,0.0255682055094745
2014,"ATL",6,10,0,0,NA,"0.29",0.00694500879452886,0.0748109506160819,-0.067865941821553
2014,"BAL",10,6,0,1,"DIV","83.60",0.0662876900188914,-0.0314533664877417,0.0977410565066331
2014,"BUF",9,7,0,0,NA,"43.96",-0.0747162449763627,-0.104180481824854,0.0294642368484915
2014,"CAR",7,8,1,1,"DIV","1.82",-0.00673750839987802,0.0045138198619235,-0.0112513282618015
2014,"CHI",5,11,0,0,NA,"0.04",-0.0497551702167845,0.0788029869404687,-0.128558157157253
2014,"CIN",10,5,1,1,"WC","83.60",-0.0176358523314153,-0.01071455023862,-0.00692130209279525
2014,"CLE",7,9,0,0,NA,"1.82",-0.0699360262449018,-0.0350298876800053,-0.0349061385648964
2014,"DAL",12,4,0,1,"DIV","99.54",0.117037240305053,0.00287362052873987,0.114163619776313
2014,"DEN",12,4,0,1,"DIV","99.54",0.09046932502274,-0.0569443787280714,0.147413703750811
2014,"DET",11,5,0,1,"WC","97.07",-0.00695304732289127,-0.101189350135081,0.09423630281219
2014,"GB",12,4,0,1,"CON","99.54",0.141600605258576,-0.039995661259137,0.181596266517713
2014,"HOU",9,7,0,0,NA,"43.96",-0.0306951615398446,-0.117085680864231,0.0863905193243867
2014,"IND",11,5,0,1,"CON","97.07",0.0272520723150391,-0.0377386477332063,0.0649907200482453
2014,"JAX",3,13,0,0,NA,"0.00",-0.162672415531237,0.00870452273996042,-0.171376938271197
2014,"KC",9,7,0,0,NA,"43.96",0.0214764001903371,-0.0279645227034984,0.0494409228938355
2014,"MIA",8,8,0,0,NA,"10.77",0.0196498955319527,-0.00512023906034678,0.0247701345922995
2014,"MIN",7,9,0,0,NA,"1.82",-0.0294698780689704,0.0113156118377316,-0.040785489906702
2014,"NE",12,4,0,1,"CHMP","99.54",0.0878366742580512,-0.0186739119603855,0.106510586218437
2014,"NO",7,9,0,0,NA,"1.82",0.0663855143351881,0.0903093587316028,-0.0239238443964147
2014,"NYG",6,10,0,0,NA,"0.29",-0.0143313406467979,0.0182405154716919,-0.0325718561184898
2014,"NYJ",4,12,0,0,NA,"0.01",-0.0771403082228851,0.0473725221082314,-0.124512830331117
2014,"OAK",3,13,0,0,NA,"0.00",NA,NA,NA
2014,"PHI",10,6,0,0,NA,"83.60",-0.00560657045248047,-0.0266875389493982,0.0210809684969177
2014,"PIT",11,5,0,1,"WC","97.07",0.121033836116714,0.0364401533732394,0.0845936827434745
2014,"SD",9,7,0,0,NA,"43.96",NA,NA,NA
2014,"SEA",12,4,0,1,"SB","99.54",0.0859986323859349,-0.110459103229773,0.196457735615708
2014,"SF",8,8,0,0,NA,"10.77",-0.0287675580491024,-0.0218345414482808,-0.00693301660082165
2014,"STL",6,10,0,0,NA,"0.29",NA,NA,NA
2014,"TB",2,14,0,0,NA,"0.00",-0.110942012978032,0.0335611745512867,-0.144503187529318
2014,"TEN",2,14,0,0,NA,"0.00",-0.122518475279518,0.0697629795699991,-0.192281454849517
2014,"WAS",4,12,0,0,NA,"0.01",-0.0535357599739395,0.0760761683234301,-0.12961192829737
2015,"ARI",13,3,0,1,"CON","99.93",0.133139258020246,-0.09508146690609,0.228220724926336
2015,"ATL",8,8,0,0,NA,"10.77",-0.000693995691639209,0.0128639655156117,-0.0135579612072509
2015,"BAL",5,11,0,0,NA,"0.04",-0.0818388615332625,0.0472108105269911,-0.129049672060254
2015,"BUF",8,8,0,0,NA,"10.77",0.0241741481932119,0.0247157632499636,-0.000541615056751713
2015,"CAR",15,1,0,1,"SB","100.00",0.0739927665663562,-0.12012597459405,0.194118741160407
2015,"CHI",6,10,0,0,NA,"0.29",-0.0201432679746586,0.0395007190724259,-0.0596439870470845
2015,"CIN",12,4,0,1,"WC","99.54",0.0766448210399774,-0.0612517388941594,0.137896559934137
2015,"CLE",3,13,0,0,NA,"0.00",-0.0727194611338022,0.0865694928487705,-0.159288953982573
2015,"DAL",4,12,0,0,NA,"0.01",-0.0715028284512315,0.0494846439822792,-0.120987472433511
2015,"DEN",12,4,0,1,"CHMP","99.54",-0.0706174021813587,-0.133238043729026,0.0626206415476675
2015,"DET",7,9,0,0,NA,"1.82",-0.0212620643867226,0.0437442259259476,-0.0650062903126702
2015,"GB",10,6,0,1,"DIV","83.60",0.00438243874428404,-0.0455718914404556,0.0499543301847396
2015,"HOU",9,7,0,1,"WC","43.96",-0.0533293046500505,-0.10399881519868,0.0506695105486298
2015,"IND",8,8,0,0,NA,"10.77",-0.0818054764411098,0.00219637986353435,-0.0840018563046442
2015,"JAX",5,11,0,0,NA,"0.04",-0.055283696132027,0.0480877118649307,-0.103371407996958
2015,"KC",11,5,0,1,"DIV","97.07",0.0326429556735984,-0.0977332940993912,0.13037624977299
2015,"MIA",6,10,0,0,NA,"0.29",-0.0313729139517019,0.0509836668564881,-0.08235658080819
2015,"MIN",11,5,0,1,"WC","97.07",0.0227561384123225,-0.0342866071030855,0.0570427455154081
2015,"NE",12,4,0,1,"CON","99.54",0.0890465509714992,-0.0470303606290444,0.136076911600544
2015,"NO",7,9,0,0,NA,"1.82",0.0781249183079344,0.142575203806916,-0.0644502854989817
2015,"NYG",6,10,0,0,NA,"0.29",0.025329811001008,0.063445420748963,-0.0381156097479551
2015,"NYJ",10,6,0,0,NA,"83.60",0.0227786580303233,-0.0978513889661225,0.120630046996446
2015,"OAK",7,9,0,0,NA,"1.82",NA,NA,NA
2015,"PHI",7,9,0,0,NA,"1.82",-0.0441288697894026,0.0279814093756135,-0.0721102791650162
2015,"PIT",10,6,0,1,"DIV","83.60",0.082398198364171,-0.0456174910229729,0.128015689387144
2015,"SD",4,12,0,0,NA,"0.01",NA,NA,NA
2015,"SEA",10,6,0,1,"DIV","83.60",0.101922947902577,-0.0781759921895801,0.180098940092157
2015,"SF",5,11,0,0,NA,"0.04",-0.0908131486561743,0.0643044991740838,-0.155117647830258
2015,"STL",7,9,0,0,NA,"1.82",NA,NA,NA
2015,"TB",6,10,0,0,NA,"0.29",0.00686393398462396,0.0455852424579184,-0.0387213084732944
2015,"TEN",3,13,0,0,NA,"0.00",-0.101457490101866,0.0199312806592232,-0.121388770761089
2015,"WAS",9,7,0,1,"WC","43.96",0.022815016045389,0.0034481771581762,0.0193668388872128
2016,"ARI",7,8,1,0,NA,"1.82",-0.0061389941750373,-0.0889705330485078,0.0828315388734705
2016,"ATL",11,5,0,1,"SB","97.07",0.191623644824403,0.0506596716868623,0.140963973137541
2016,"BAL",8,8,0,0,NA,"10.77",-0.0571191311055279,-0.0368312450737432,-0.0202878860317847
2016,"BUF",7,9,0,0,NA,"1.82",0.0568512879254896,0.0198016468984304,0.0370496410270592
2016,"CAR",6,10,0,0,NA,"0.29",-0.0470577840630173,-0.00122181040121744,-0.0458359736617998
2016,"CHI",3,13,0,0,NA,"0.00",-0.0421282212543631,0.0698484793153558,-0.111976700569719
2016,"CIN",6,9,1,0,NA,"0.29",0.051605904726987,0.0181457955008228,0.0334601092261642
2016,"CLE",1,15,0,0,NA,"0.00",-0.0534983032247705,0.137315377463424,-0.190813680688195
2016,"DAL",13,3,0,1,"DIV","99.93",0.123727731161454,0.00952851746815462,0.1141992136933
2016,"DEN",9,7,0,0,NA,"43.96",-0.0583419577516655,-0.119569847019973,0.0612278892683078
2016,"DET",9,7,0,1,"WC","43.96",0.0538801118118841,0.108558499930245,-0.054678388118361
2016,"GB",10,6,0,1,"CON","83.60",0.127014580194569,0.0569199048176701,0.0700946753768994
2016,"HOU",9,7,0,1,"DIV","43.96",-0.0785451726908843,-0.0519213573054073,-0.026623815385477
2016,"IND",8,8,0,0,NA,"10.77",0.0461798435750961,0.072383991171505,-0.0262041475964089
2016,"JAX",3,13,0,0,NA,"0.00",-0.0581229633799839,-0.0149830102537364,-0.0431399531262474
2016,"KC",12,4,0,1,"DIV","99.54",0.0143798195871152,-0.0268678133323991,0.0412476329195143
2016,"LA",4,12,0,0,NA,"0.01",-0.202795740842294,0.0203995665026219,-0.223195307344916
2016,"MIA",10,6,0,1,"WC","83.60",-0.00488672144129623,0.0169188983317945,-0.0218056197730907
2016,"MIN",8,8,0,0,NA,"10.77",-0.0416949001547394,-0.0884133454791788,0.0467184453244394
2016,"NE",14,2,0,1,"CHMP","99.99",0.127896748074395,-0.0453754988321268,0.173272246906522
2016,"NO",7,9,0,0,NA,"1.82",0.0990832839262046,0.086627933868236,0.0124553500579686
2016,"NYG",11,5,0,1,"WC","97.07",-0.0748705343044456,-0.0856932896992134,0.0108227553947678
2016,"NYJ",5,11,0,0,NA,"0.04",-0.0683908139837344,0.0455025535014817,-0.113893367485216
2016,"OAK",12,4,0,1,"WC","99.54",NA,NA,NA
2016,"PHI",7,9,0,0,NA,"1.82",-0.0147448762028428,-0.0288387199208498,0.014093843718007
2016,"PIT",11,5,0,1,"CON","97.07",0.0817079579452767,0.0137717741110636,0.0679361838342131
2016,"SD",5,11,0,0,NA,"0.04",NA,NA,NA
2016,"SEA",10,5,1,1,"DIV","83.60",0.0223886513494148,-0.0496124926342759,0.0720011439836907
2016,"SF",2,14,0,0,NA,"0.00",-0.0872825382757279,0.0889730418401367,-0.176255580115865
2016,"TB",9,7,0,0,NA,"43.96",-0.00361549407821266,0.0021081457776686,-0.00572363985588126
2016,"TEN",9,7,0,0,NA,"43.96",0.0322902384453143,0.0341081657849674,-0.00181792733965314
2016,"WAS",8,7,1,0,NA,"10.77",0.114384152162931,0.0699836162827316,0.0444005358801997
2017,"ARI",8,8,0,0,NA,"10.77",-0.128680827092072,-0.0936267790976345,-0.0350540479944371
2017,"ATL",10,6,0,1,"DIV","83.60",0.0460378131360453,-0.00993327850564692,0.0559710916416922
2017,"BAL",9,7,0,0,NA,"43.96",-0.0530460939170675,-0.114393001221457,0.0613469073043891
2017,"BUF",9,7,0,1,"WC","43.96",-0.0706236852289764,0.0120474497170944,-0.0826711349460709
2017,"CAR",11,5,0,1,"WC","97.07",-0.0190771964853805,-0.0573750200400667,0.0382978235546862
2017,"CHI",5,11,0,0,NA,"0.04",-0.111666300917828,-0.0500240415786174,-0.0616422593392111
2017,"CIN",7,9,0,0,NA,"1.82",-0.0878247161891423,-0.019490513950279,-0.0683342022388633
2017,"CLE",0,16,0,0,NA,"0.00",-0.144761176003795,0.0169907552728956,-0.161751931276691
2017,"DAL",9,7,0,0,NA,"43.96",0.00446695159694309,0.0226279958874803,-0.0181610442905372
2017,"DEN",5,11,0,0,NA,"0.04",-0.1185992758349,-0.0870117427690214,-0.0315875330658785
2017,"DET",9,7,0,0,NA,"43.96",-0.0465701903614122,-0.0501754074415103,0.0036052170800981
2017,"GB",7,9,0,0,NA,"1.82",-0.0236238837123677,0.0432226130174002,-0.0668464967297679
2017,"HOU",4,12,0,0,NA,"0.01",-0.0530365302648933,0.0314928755255813,-0.0845294057904746
2017,"IND",4,12,0,0,NA,"0.01",-0.107964863380584,0.0699369218070501,-0.177901785187634
2017,"JAX",10,6,0,1,"CON","83.60",0.0196837500530511,-0.191188869796244,0.210872619849295
2017,"KC",10,6,0,1,"WC","83.60",0.0796062104958056,0.0259952204711939,0.0536109900246117
2017,"LA",11,5,0,1,"WC","97.07",0.0538008069928709,-0.0735683581300752,0.127369165122946
2017,"LAC",9,7,0,0,NA,"43.96",0.0839032702567159,-0.0703023853052049,0.154205655561921
2017,"MIA",6,10,0,0,NA,"0.29",-0.123959836964852,0.0317186256804659,-0.155678462645318
2017,"MIN",13,3,0,1,"CON","99.93",0.0281275763582541,-0.133006485096692,0.161134061454946
2017,"NE",13,3,0,1,"SB","99.93",0.138188516345251,0.0285561408180444,0.109632375527207
2017,"NO",11,5,0,1,"DIV","97.07",0.0927707820892618,-0.026606502699188,0.11937728478845
2017,"NYG",3,13,0,0,NA,"0.00",-0.108278353677074,0.0105873139801662,-0.11886566765724
2017,"NYJ",5,11,0,0,NA,"0.04",-0.0736168022247874,0.00868413806953212,-0.0823009402943195
2017,"OAK",6,10,0,0,NA,"0.29",NA,NA,NA
2017,"PHI",13,3,0,1,"CHMP","99.93",0.0535768217512845,-0.110089640956209,0.163666462707493
2017,"PIT",13,3,0,1,"DIV","99.93",0.076065406425957,-0.039330655246325,0.115396061672282
2017,"SEA",9,7,0,0,NA,"43.96",-0.0238123430581753,-0.0564348955929551,0.0326225525347798
2017,"SF",6,10,0,0,NA,"0.29",-0.0419062736472686,0.0303435113520541,-0.0722497849993227
2017,"TB",5,11,0,0,NA,"0.04",0.00112628428998721,0.0377337266238109,-0.0366074423338237
2017,"TEN",9,7,0,1,"DIV","43.96",-0.0695036216074569,-0.0320445870478138,-0.0374590345596432
2017,"WAS",7,9,0,0,NA,"1.82",-0.0512328659288258,-0.0369676934397753,-0.0142651724890505
2018,"ARI",3,13,0,0,NA,"0.00",-0.237184444565157,0.0292463703436244,-0.266430814908781
2018,"ATL",7,9,0,0,NA,"1.82",0.0819221924255282,0.0854129516845184,-0.00349075925899019
2018,"BAL",10,6,0,1,"WC","83.60",0.0337105231809494,-0.0722669743255296,0.105977497506479
2018,"BUF",6,10,0,0,NA,"0.29",-0.150859942926082,-0.0829312915127533,-0.0679286514133292
2018,"CAR",7,9,0,0,NA,"1.82",0.065529082631246,0.055206742504832,0.010322340126414
2018,"CHI",12,4,0,1,"WC","99.54",0.0429303184752667,-0.135006303862906,0.177936622338173
2018,"CIN",6,10,0,0,NA,"0.29",0.0106204510272469,0.105124468515011,-0.094504017487764
2018,"CLE",7,8,1,0,NA,"1.82",-0.0106751047869801,0.00822158587520561,-0.0188966906621857
2018,"DAL",10,6,0,1,"DIV","83.60",0.0105467058245783,-0.0336538876843643,0.0442005935089426
2018,"DEN",6,10,0,0,NA,"0.29",-0.0252842938154592,0.00559816254211645,-0.0308824563575757
2018,"DET",6,10,0,0,NA,"0.29",-0.0267518021845586,0.0390885532204532,-0.0658403554050118
2018,"GB",6,9,1,0,NA,"0.29",0.0558860731349217,0.0572265909186627,-0.001340517783741
2018,"HOU",11,5,0,1,"WC","97.07",0.0309193500441814,-0.0631280868474424,0.0940474368916238
2018,"IND",10,6,0,1,"DIV","83.60",0.0618116135216442,-0.0280435263147606,0.0898551398364048
2018,"JAX",5,11,0,0,NA,"0.04",-0.131822404536041,-0.0359649433688016,-0.0958574611672396
2018,"KC",12,4,0,1,"CON","99.54",0.236157953770937,0.0728583719164496,0.163299581854487
2018,"LA",13,4,0,1,"SB","99.93",0.151356564449879,-0.00501982051812286,0.156376384968001
2018,"LAC",12,4,0,1,"DIV","99.54",0.126968823084424,-0.0201333136871701,0.147102136771594
2018,"MIA",7,9,0,0,NA,"1.82",-0.111682682948225,0.0680444300704637,-0.179727113018688
2018,"MIN",8,7,1,0,NA,"10.77",-0.0731943491487629,-0.0922049825144228,0.0190106333656598
2018,"NE",11,5,0,1,"CHMP","97.07",0.0891504762729591,-0.0403623837994004,0.12951286007236
2018,"NO",13,3,0,1,"CON","99.93",0.155310326018034,0.0204569968167381,0.134853329201296
2018,"NYG",5,11,0,0,NA,"0.04",0.0180895306615552,0.0710794869734921,-0.0529899563119369
2018,"NYJ",4,12,0,0,NA,"0.01",-0.129361117932518,0.0273908096192834,-0.156751927551801
2018,"OAK",4,12,0,0,NA,"0.01",NA,NA,NA
2018,"PHI",9,7,0,1,"DIV","43.96",0.0402874487111723,0.0245758946229994,0.0157115540881729
2018,"PIT",9,6,1,0,NA,"43.96",0.10485986126591,0.0294137969645697,0.0754460643013407
2018,"SEA",10,6,0,1,"WC","83.60",0.0939529535245359,0.00147481450813427,0.0924781390164016
2018,"SF",4,12,0,0,NA,"0.01",-0.0210476007680549,0.0708014056265538,-0.0918490063946087
2018,"TB",5,11,0,0,NA,"0.04",0.0423556194822391,0.101477212120327,-0.059121592638088
2018,"TEN",9,7,0,0,NA,"43.96",-0.0284786432854729,-0.0155047232392788,-0.0129739200461941
2018,"WAS",7,9,0,0,NA,"1.82",-0.0717204867683808,0.0349542470387628,-0.106674733807144
2019,"ARI",5,10,1,0,NA,"0.04",0.0183683029967856,0.0936188622320715,-0.0752505592352859
2019,"ATL",7,9,0,0,NA,"1.82",0.0112691234824793,0.0439298452197711,-0.0326607217372918
2019,"BAL",14,2,0,1,"DIV","99.99",0.201382168516837,-0.0876322845906915,0.289014453107529
2019,"BUF",10,6,0,1,"WC","83.60",-0.0208708677706768,-0.0817374497723701,0.0608665820016933
2019,"CAR",5,11,0,0,NA,"0.04",-0.0874115345386557,0.0574105062617508,-0.144822040800407
2019,"CHI",8,8,0,0,NA,"10.77",-0.0786094239380312,-0.048517278219672,-0.0300921457183591
2019,"CIN",2,14,0,0,NA,"0.00",-0.0943719844266186,0.0983583892683114,-0.19273037369493
2019,"CLE",6,10,0,0,NA,"0.29",-0.0281114501248666,0.0486472027438087,-0.0767586528686753
2019,"DAL",8,8,0,0,NA,"10.77",0.111620988164924,-0.026019879450034,0.137640867614958
2019,"DEN",7,9,0,0,NA,"1.82",-0.0542271131312608,-0.00234724655343275,-0.051879866577828
2019,"DET",3,12,1,0,NA,"0.00",-0.0406074585154392,0.0714568227306831,-0.112064281246122
2019,"GB",13,3,0,1,"CON","99.93",0.0615218360893313,-0.0324820411046908,0.0940038771940221
2019,"HOU",10,6,0,1,"DIV","83.60",0.0577229052863807,0.0582807214837721,-0.00055781619739137
2019,"IND",7,9,0,0,NA,"1.82",0.00977415208208658,-0.00230943137354075,0.0120835834556273
2019,"JAX",6,10,0,0,NA,"0.29",-0.0553921234732702,0.0743387377177746,-0.129730861191045
2019,"KC",12,4,0,1,"CHMP","99.54",0.134401517141,-0.00069131543385233,0.135092832574852
2019,"LA",9,7,0,0,NA,"43.96",-0.000216376649541528,-0.0393471517300564,0.0391307750805148
2019,"LAC",5,11,0,0,NA,"0.04",0.0368674417063687,0.0385285101381348,-0.00166106843176616
2019,"MIA",5,11,0,0,NA,"0.04",-0.0778087482266,0.127430611233147,-0.205239359459747
2019,"MIN",10,6,0,1,"DIV","83.60",0.0552103147420937,-0.0687689389285122,0.123979253670606
2019,"NE",12,4,0,1,"WC","99.54",0.00992618934627864,-0.21656984121327,0.226496030559549
2019,"NO",13,3,0,1,"WC","99.93",0.0807609737604534,-0.0364011921901014,0.117162165950555
2019,"NYG",4,12,0,0,NA,"0.01",-0.0639566555233811,0.0733082500562869,-0.137264905579668
2019,"NYJ",7,9,0,0,NA,"1.82",-0.152150638806447,-0.0211965449185298,-0.130954093887917
2019,"OAK",7,9,0,0,NA,"1.82",NA,NA,NA
2019,"PHI",9,7,0,1,"WC","43.96",0.00482287543486485,-0.0302382337372283,0.0350611091720931
2019,"PIT",8,8,0,0,NA,"10.77",-0.137222470939117,-0.122530965134756,-0.0146915058043611
2019,"SEA",11,5,0,1,"DIV","97.07",0.0170765245138047,0.0164833559618782,0.000593168551926551
2019,"SF",13,3,0,1,"SB","99.93",0.0754583168205712,-0.136413130472777,0.211871447293348
2019,"TB",7,9,0,0,NA,"1.82",0.0040558964576304,-0.0681702669038697,0.0722261633615001
2019,"TEN",9,7,0,1,"CON","43.96",0.0632704973455341,-0.0200252197149202,0.0832957170604543
2019,"WAS",3,13,0,0,NA,"0.00",-0.133460014719874,0.0831624608728483,-0.216622475592722
2020,"ARI",8,8,0,0,NA,"10.77",0.0477727561659599,0.027975803940328,0.0197969522256318
2020,"ATL",4,12,0,0,NA,"0.01",0.0410077071767419,0.0713632039162829,-0.030355496739541
2020,"BAL",11,5,0,1,"DIV","97.07",0.110652985595279,-0.0251728124635773,0.135825798058856
2020,"BUF",13,3,0,1,"CON","99.93",0.167968645658783,0.0375781822296811,0.130390463429102
2020,"CAR",5,11,0,0,NA,"0.04",0.0192086895216839,0.085549516685023,-0.0663408271633391
2020,"CHI",8,8,0,1,"WC","10.77",-0.0150792942406544,0.0161347665083402,-0.0312140607489946
2020,"CIN",4,11,1,0,NA,"0.01",-0.0413936946286014,0.0948801652941304,-0.136273859922732
2020,"CLE",11,5,0,1,"DIV","97.07",0.0930922513214849,0.0821309202965788,0.0109613310249061
2020,"DAL",6,10,0,0,NA,"0.29",-0.0263902737165706,0.0715235354546391,-0.0979138091712096
2020,"DEN",5,11,0,0,NA,"0.04",-0.0712425296452417,0.0398491292135151,-0.111091658858757
2020,"DET",5,11,0,0,NA,"0.04",0.0145821504504224,0.2074314926931,-0.192849342242678
2020,"GB",13,3,0,1,"CON","99.93",0.221900056954521,0.0312888482798689,0.190611208674652
2020,"HOU",4,12,0,0,NA,"0.01",0.0908426932579612,0.169516790219696,-0.0786740969617353
2020,"IND",11,5,0,1,"WC","97.07",0.0839908837006553,-0.0065245096316173,0.0905153933322726
2020,"JAX",1,15,0,0,NA,"0.00",-0.0510782755943203,0.167402505424733,-0.218480781019053
2020,"KC",14,2,0,1,"SB","99.99",0.179743248854464,0.0628388052630215,0.116904443591442
2020,"LA",10,6,0,1,"DIV","83.60",-0.0123664360460698,-0.164936680280741,0.152570244234671
2020,"LAC",7,9,0,0,NA,"1.82",0.0430023691523399,0.0291026645660497,0.0138997045862902
2020,"LV",8,8,0,0,NA,"10.77",0.0659079610332617,0.138332329356317,-0.0724243683230552
2020,"MIA",10,6,0,0,NA,"83.60",0.0291999402318144,-0.0234142118108411,0.0526141520426555
2020,"MIN",7,9,0,0,NA,"1.82",0.0921877936464928,0.0939746685204566,-0.00178687487396371
2020,"NE",7,9,0,0,NA,"1.82",0.00297169690795677,0.0774052498997372,-0.0744335529917804
2020,"NO",12,4,0,1,"DIV","99.54",0.0949150286310286,-0.0434686406768336,0.138383669307862
2020,"NYG",6,10,0,0,NA,"0.29",-0.0561188659300732,0.0328009306516955,-0.0889197965817687
2020,"NYJ",2,14,0,0,NA,"0.00",-0.115882701886626,0.104650924344393,-0.220533626231019
2020,"PHI",4,11,1,0,NA,"0.01",-0.0547786904067708,0.0245851873880557,-0.0793638777948265
2020,"PIT",12,4,0,1,"WC","99.54",0.0337236618840927,-0.104123010111382,0.137846671995475
2020,"SEA",12,4,0,1,"WC","99.54",0.104845077700244,0.0422884981191375,0.0625565795811069
2020,"SF",6,10,0,0,NA,"0.29",0.00800971352801549,-0.0139232373726428,0.0219329509006583
2020,"TB",11,5,0,1,"CHMP","97.07",0.146565257640456,-0.0375289792176734,0.184094236858129
2020,"TEN",11,5,0,1,"WC","97.07",0.189307723662704,0.125023702307854,0.0642840213548499
2020,"WAS",7,9,0,1,"WC","1.82",-0.0546892856965739,-0.0824543053924011,0.0277650196958272
